{
    "model_name": "Allegro Foundation Model",
    "model_key": "allegro_foundation",
    "properties_gpa": {
        "C11": 297.1775036732132,
        "C12": 144.87112031500806,
        "C44": 1.1893662307178716
    },
    "density_kg_m3": 6110.0,
    "saw_frequencies_hz": [
        142045454.54545453,
        441919191.9191919,
        437062937.0629371,
        652011922.5037256,
        108078063.24110672,
        641495601.1730206,
        446884576.0980591,
        479189485.2135815,
        251726121.97928652,
        432312252.9644269,
        473484848.4848485,
        473484848.4848485,
        102243514.83991587,
        602617079.889807,
        276199494.94949496,
        457157784.7439915,
        113636363.63636363,
        441919191.9191919,
        224704673.85721618,
        432312252.9644269,
        497159090.9090909,
        479189485.2135815,
        113961969.26282884,
        593622795.1153324,
        479189485.2135815,
        473484848.4848485,
        479189485.2135815,
        473484848.4848485,
        560179257.3623558,
        560179257.3623558,
        280089628.6811779,
        485033259.4235033,
        516528925.61983466,
        479189485.2135815,
        473484848.4848485,
        457157784.7439915,
        568181818.1818181,
        479189485.2135815,
        523325358.8516746,
        560179257.3623558,
        236742424.24242425,
        552398989.8989899,
        611888111.8881118,
        205014058.1068416,
        516528925.61983466,
        537469287.4692874,
        467914438.5026738,
        284090909.09090906,
        497159090.9090909,
        674114021.5716486,
        101720530.1092769,
        270562770.56277055,
        516528925.61983466,
        576416337.2859025,
        467914438.5026738,
        179156429.15642914,
        217337307.50124192,
        473484848.4848485,
        576416337.2859025,
        446884576.0980591,
        100183192.1227387,
        652011922.5037256,
        462473572.93868923,
        631313131.3131313,
        560179257.3623558,
        224704673.85721618,
        602617079.889807,
        544831880.4483187,
        253329473.074696,
        530303030.3030302,
        509906759.9067599,
        432312252.9644269,
        509906759.9067599,
        552398989.8989899,
        568181818.1818181,
        290311877.9031188,
        323355506.2823355,
        652011922.5037256,
        662878787.8787878,
        209330143.54066983,
        414299242.4242424,
        441919191.9191919,
        414299242.4242424,
        245510662.17732882,
        242516629.71175164,
        427663734.11534697,
        414299242.4242424,
        523325358.8516746,
        497159090.9090909,
        462473572.93868923,
        479189485.2135815,
        621448863.6363636,
        223442288.04902956,
        593622795.1153324,
        479189485.2135815,
        560179257.3623558,
        497159090.9090909,
        423114119.9226305,
        560179257.3623558,
        576416337.2859025,
        497159090.9090909,
        621448863.6363636,
        326005961.2518628,
        185853865.7604078,
        479189485.2135815,
        462473572.93868923,
        310724431.8181818,
        113312613.3126133,
        292446524.0641711,
        467914438.5026738,
        516528925.61983466,
        467914438.5026738,
        568181818.1818181,
        280089628.6811779,
        131263126.31263126,
        593622795.1153324,
        462473572.93868923,
        236742424.24242425,
        621448863.6363636,
        467914438.5026738,
        523325358.8516746,
        631313131.3131313,
        163002980.6259314,
        576416337.2859025,
        386142983.2303618,
        446884576.0980591,
        485033259.4235033,
        418660287.08133966,
        432312252.9644269,
        173680031.75863436,
        457157784.7439915,
        467914438.5026738,
        156585540.44380814,
        253329473.074696,
        503452243.95857304,
        544831880.4483187,
        451962809.9173553,
        116294524.18926102,
        437062937.0629371,
        178353037.0974317,
        503452243.95857304,
        537469287.4692874,
        184132996.63299662,
        274294670.84639496,
        503452243.95857304,
        313171080.8876163,
        427663734.11534697,
        523325358.8516746,
        516528925.61983466,
        238160043.5492651,
        530303030.3030302,
        427663734.11534697,
        611888111.8881118,
        621448863.6363636,
        485033259.4235033,
        342868338.5579937,
        203962703.96270394,
        441919191.9191919,
        530303030.3030302,
        342868338.5579937,
        497159090.9090909,
        286134728.5807717,
        485033259.4235033,
        432312252.9644269,
        432312252.9644269,
        602617079.889807,
        503452243.95857304,
        523325358.8516746,
        326005961.2518628,
        491021324.35465765,
        576416337.2859025,
        446884576.0980591,
        611888111.8881118,
        552398989.8989899,
        140539672.3417925,
        462473572.93868923,
        278130959.94914174,
        516528925.61983466,
        371707731.5208156,
        497159090.9090909,
        641495601.1730206,
        473484848.4848485,
        122377622.37762237,
        523325358.8516746,
        337057010.7858243,
        451962809.9173553,
        509906759.9067599,
        530303030.3030302,
        560179257.3623558,
        530303030.3030302,
        142045454.54545453,
        290311877.9031188,
        584893048.1283422,
        265151515.1515151,
        467914438.5026738,
        516528925.61983466,
        602617079.889807,
        467914438.5026738,
        584893048.1283422,
        432312252.9644269,
        473484848.4848485,
        242516629.71175164,
        446884576.0980591,
        167112299.46524063,
        621448863.6363636,
        467914438.5026738,
        451962809.9173553,
        631313131.3131313,
        611888111.8881118,
        427663734.11534697,
        441919191.9191919,
        584893048.1283422,
        530303030.3030302,
        602617079.889807,
        254953379.95337996,
        118371212.12121212,
        451962809.9173553,
        364887406.1718098,
        467914438.5026738,
        136676038.7378944,
        457157784.7439915,
        339937839.9378399,
        457157784.7439915,
        530303030.3030302,
        509906759.9067599,
        560179257.3623558,
        479189485.2135815,
        423114119.9226305,
        211557059.96131524,
        462473572.93868923,
        523325358.8516746,
        224704673.85721618,
        261662679.4258373,
        462473572.93868923,
        219738824.7112004,
        491021324.35465765,
        437062937.0629371,
        258264462.80991733,
        441919191.9191919,
        451962809.9173553,
        101981351.98135197,
        145155938.9515594,
        437062937.0629371,
        423114119.9226305,
        427663734.11534697,
        423114119.9226305,
        516528925.61983466,
        364887406.1718098,
        272415940.22415936,
        479189485.2135815,
        119080021.77463254,
        451962809.9173553,
        485033259.4235033,
        485033259.4235033,
        560179257.3623558,
        491021324.35465765,
        462473572.93868923,
        602617079.889807,
        245510662.17732882,
        457157784.7439915,
        437062937.0629371,
        432312252.9644269,
        503452243.95857304,
        485033259.4235033,
        266931055.52165955,
        473484848.4848485,
        467914438.5026738,
        485033259.4235033,
        509906759.9067599,
        523325358.8516746,
        611888111.8881118,
        473484848.4848485,
        611888111.8881118,
        473484848.4848485,
        286134728.5807717,
        432312252.9644269,
        552398989.8989899,
        516528925.61983466,
        292446524.0641711,
        437062937.0629371,
        457157784.7439915,
        662878787.8787878,
        552398989.8989899,
