{
    "model_name": "NequIP Foundation Model",
    "model_key": "nequip_foundation",
    "properties_gpa": {
        "C11": 295.5425696598755,
        "C12": 167.56629024535945,
        "C44": 20.123331229352686
    },
    "density_kg_m3": 6110.0,
    "saw_frequencies_hz": [
        209330143.54066983,
        244004461.7958728,
        223442288.04902956,
        206076307.11257654,
        206076307.11257654,
        205014058.1068416,
        219738824.7112004,
        209330143.54066983,
        214987714.98771498,
        232589048.37852204,
        256598240.46920818,
        232589048.37852204,
        229900157.64582235,
        206076307.11257654,
        225981404.95867765,
        239594742.60679075,
        206076307.11257654,
        220959595.95959595,
        210437710.4377104,
        227272727.27272725,
        207149621.2121212,
        206076307.11257654,
        225981404.95867765,
        205014058.1068416,
        231236786.46934462,
        251726121.97928652,
        217337307.50124192,
        217337307.50124192,
        205014058.1068416,
        206076307.11257654,
        206076307.11257654,
        210437710.4377104,
        217337307.50124192,
        210437710.4377104,
        241046831.95592284,
        211557059.96131524,
        211557059.96131524,
        238160043.5492651,
        207149621.2121212,
        207149621.2121212,
        210437710.4377104,
        205014058.1068416,
        207149621.2121212,
        212688381.13757896,
        219738824.7112004,
        218531468.53146854,
        223442288.04902956,
        227272727.27272725,
        209330143.54066983,
        205014058.1068416,
        205014058.1068416,
        223442288.04902956,
        207149621.2121212,
        207149621.2121212,
        229900157.64582235,
        258264462.80991733,
        217337307.50124192,
        247035573.1225296,
        209330143.54066983,
        223442288.04902956,
        239594742.60679075,
        206076307.11257654,
        214987714.98771498,
        206076307.11257654,
        210437710.4377104,
        207149621.2121212,
        207149621.2121212,
        213831867.05767348,
        206076307.11257654,
        209330143.54066983,
        216156126.48221344,
        236742424.24242425,
        218531468.53146854,
        211557059.96131524,
        207149621.2121212,
        208234174.20276055,
        205014058.1068416,
        206076307.11257654,
        205014058.1068416,
        222194007.1102082,
        251726121.97928652,
        223442288.04902956,
        250142938.82218412,
        220959595.95959595,
        211557059.96131524,
        228578892.37199575,
        247035573.1225296,
        206076307.11257654,
        212688381.13757896,
        239594742.60679075,
        236742424.24242425,
        209330143.54066983,
        207149621.2121212,
        209330143.54066983,
        232589048.37852204,
        209330143.54066983,
        218531468.53146854,
        236742424.24242425,
        216156126.48221344,
        207149621.2121212,
        209330143.54066983,
        206076307.11257654,
        208234174.20276055,
        207149621.2121212,
        233957219.2513369,
        222194007.1102082,
        210437710.4377104,
        258264462.80991733,
        206076307.11257654,
        233957219.2513369,
        209330143.54066983,
        213831867.05767348,
        208234174.20276055,
        209330143.54066983,
        205014058.1068416,
        205014058.1068416,
        238160043.5492651,
        222194007.1102082,
        206076307.11257654,
        212688381.13757896,
        212688381.13757896,
        205014058.1068416,
        251726121.97928652,
        209330143.54066983,
        239594742.60679075,
        229900157.64582235,
        233957219.2513369,
        247035573.1225296,
        245510662.17732882,
        205014058.1068416,
        217337307.50124192,
        218531468.53146854,
        205014058.1068416,
        206076307.11257654,
        205014058.1068416,
        207149621.2121212,
        235341581.49542767,
        209330143.54066983,
        232589048.37852204,
        253329473.074696,
        220959595.95959595,
        206076307.11257654,
        232589048.37852204,
        206076307.11257654,
        207149621.2121212,
        206076307.11257654,
        228578892.37199575,
        212688381.13757896,
        206076307.11257654,
        209330143.54066983,
        205014058.1068416,
        236742424.24242425,
        205014058.1068416,
        205014058.1068416,
        218531468.53146854,
        206076307.11257654,
        216156126.48221344,
        213831867.05767348,
        214987714.98771498,
        205014058.1068416,
        210437710.4377104,
        220959595.95959595,
        238160043.5492651,
        219738824.7112004,
        227272727.27272725,
        205014058.1068416,
        207149621.2121212,
        212688381.13757896,
        214987714.98771498,
        229900157.64582235,
        205014058.1068416,
        219738824.7112004,
        207149621.2121212,
        207149621.2121212,
        222194007.1102082,
        209330143.54066983,
        206076307.11257654,
        208234174.20276055,
        206076307.11257654,
        228578892.37199575,
        206076307.11257654,
        212688381.13757896,
        205014058.1068416,
        208234174.20276055,
        206076307.11257654,
        213831867.05767348,
        207149621.2121212,
        214987714.98771498,
        212688381.13757896,
        214987714.98771498,
        213831867.05767348,
        222194007.1102082,
        206076307.11257654,
        205014058.1068416,
        259952465.83481875,
        206076307.11257654,
        205014058.1068416,
        227272727.27272725,
        207149621.2121212,
        228578892.37199575,
        258264462.80991733,
        219738824.7112004,
        216156126.48221344,
        208234174.20276055,
        207149621.2121212,
        218531468.53146854,
        209330143.54066983,
        206076307.11257654,
        205014058.1068416,
        225981404.95867765,
        239594742.60679075,
        206076307.11257654,
        206076307.11257654,
        205014058.1068416,
        218531468.53146854,
        206076307.11257654,
        247035573.1225296,
        206076307.11257654,
        259952465.83481875,
        231236786.46934462,
        258264462.80991733,
        210437710.4377104,
        208234174.20276055,
        209330143.54066983,
        225981404.95867765,
        214987714.98771498,
        209330143.54066983,
        242516629.71175164,
        212688381.13757896,
        212688381.13757896,
        218531468.53146854,
        206076307.11257654,
        228578892.37199575,
        208234174.20276055,
        207149621.2121212,
        235341581.49542767,
        223442288.04902956,
        206076307.11257654,
        236742424.24242425,
        258264462.80991733,
        206076307.11257654,
        236742424.24242425,
        218531468.53146854,
        244004461.7958728,
        235341581.49542767,
        236742424.24242425,
        208234174.20276055,
        205014058.1068416,
        206076307.11257654,
        227272727.27272725,
        244004461.7958728,
        210437710.4377104,
        206076307.11257654,
        227272727.27272725,
        205014058.1068416,
        210437710.4377104,
        212688381.13757896,
        205014058.1068416,
        213831867.05767348,
        219738824.7112004,
        232589048.37852204,
        235341581.49542767,
        207149621.2121212,
        213831867.05767348,
        205014058.1068416,
        259952465.83481875,
        247035573.1225296,
        238160043.5492651,
        207149621.2121212,
        218531468.53146854,
        205014058.1068416,
        208234174.20276055,
        206076307.11257654,
        254953379.95337996,
        207149621.2121212,
        242516629.71175164,
        211557059.96131524,
        217337307.50124192,
        207149621.2121212,
