{
    "model_name": "MACE Foundation (medium)",
    "model_key": "mace_foundation",
    "properties_gpa": {
        "C11": 238.35419443130817,
        "C12": 145.60882253432612,
        "C44": -5.371566629658294
    },
    "density_kg_m3": 6110.0,
    "saw_frequencies_hz": [
        593622795.1153324,
        323355506.2823355,
        313171080.8876163,
        361570247.9338843,
        397727272.7272726,
        451962809.9173553,
        326005961.2518628,
        348883572.56778306,
        174441786.28389153,
        310724431.8181818,
        351971037.8117457,
        99931475.55961625,
        351971037.8117457,
        462473572.93868923,
        355113636.3636363,
        337057010.7858243,
        389928698.7522281,
        323355506.2823355,
        389928698.7522281,
        313171080.8876163,
        355113636.3636363,
        355113636.3636363,
        361570247.9338843,
        537469287.4692874,
        358312858.3128583,
        351971037.8117457,
        355113636.3636363,
        358312858.3128583,
        427663734.11534697,
        414299242.4242424,
        188496337.78543732,
        358312858.3128583,
        389928698.7522281,
        345849802.37154144,
        348883572.56778306,
        331439393.9393939,
        427663734.11534697,
        358312858.3128583,
        389928698.7522281,
        432312252.9644269,
        118371212.12121212,
        537469287.4692874,
        467914438.5026738,
        393789378.93789375,
        382430069.9300699,
        437062937.0629371,
        342868338.5579937,
        176767676.76767674,
        355113636.3636363,
        190300130.49151802,
        576416337.2859025,
        165032063.37231234,
        378787878.7878788,
        946969696.969697,
        345849802.37154144,
        351971037.8117457,
        129132231.40495867,
        351971037.8117457,
        432312252.9644269,
        328700225.39444023,
        294612794.6127946,
        274294670.84639496,
        342868338.5579937,
        503452243.95857304,
        418660287.08133966,
        154157857.6462297,
        516528925.61983466,
        405844155.84415585,
        155362215.9090909,
        441919191.9191919,
        414299242.4242424,
        313171080.8876163,
        382430069.9300699,
        414299242.4242424,
        427663734.11534697,
        401744719.9265381,
        229900157.64582235,
        410028116.2136832,
        315656565.65656567,
        371707731.5208156,
        294612794.6127946,
        318181818.1818181,
        292446524.0641711,
        139553429.02711323,
        154157857.6462297,
        337057010.7858243,
        296811397.5576662,
        393789378.93789375,
        207149621.2121212,
        345849802.37154144,
        355113636.3636363,
        457157784.7439915,
        122377622.37762237,
        432312252.9644269,
        358312858.3128583,
        423114119.9226305,
        382430069.9300699,
        299043062.2009569,
        473484848.4848485,
        437062937.0629371,
        358312858.3128583,
        467914438.5026738,
        227272727.27272725,
        364887406.1718098,
        358312858.3128583,
        339937839.9378399,
        217337307.50124192,
        351971037.8117457,
        199862951.1192325,
        348883572.56778306,
        206076307.11257654,
        378787878.7878788,
        432312252.9644269,
        188496337.78543732,
        378787878.7878788,
        485033259.4235033,
        124679395.83927044,
        132575757.57575755,
        631313131.3131313,
        342868338.5579937,
        393789378.93789375,
        457157784.7439915,
        351971037.8117457,
        432312252.9644269,
        247035573.1225296,
        328700225.39444023,
        361570247.9338843,
        301308539.9449035,
        232589048.37852204,
        473484848.4848485,
        334224598.93048126,
        345849802.37154144,
        537469287.4692874,
        152385928.2479972,
        323355506.2823355,
        401744719.9265381,
        331439393.9393939,
        418660287.08133966,
        315656565.65656567,
        138580931.26385808,
        375214408.23327607,
        397727272.7272726,
        348883572.56778306,
        182443703.0859049,
        213831867.05767348,
        205014058.1068416,
        303608605.1353227,
        389928698.7522281,
        364887406.1718098,
        134367321.86732185,
        334224598.93048126,
        308315715.2924594,
        497159090.9090909,
        497159090.9090909,
        361570247.9338843,
        238160043.5492651,
        386142983.2303618,
        310724431.8181818,
        393789378.93789375,
        238160043.5492651,
        364887406.1718098,
        163002980.6259314,
        361570247.9338843,
        310724431.8181818,
        313171080.8876163,
        523325358.8516746,
        355113636.3636363,
        393789378.93789375,
        212688381.13757896,
        364887406.1718098,
        593622795.1153324,
        245510662.17732882,
        473484848.4848485,
        418660287.08133966,
        318181818.1818181,
        328700225.39444023,
        182443703.0859049,
        389928698.7522281,
        263395544.85249844,
        368265993.26599324,
        631313131.3131313,
        348883572.56778306,
        378787878.7878788,
        127476689.97668998,
        225981404.95867765,
        320747800.5865103,
        364887406.1718098,
        401744719.9265381,
        423114119.9226305,
        397727272.7272726,
        382430069.9300699,
        342868338.5579937,
        611888111.8881118,
        168528505.39291215,
        348883572.56778306,
        145155938.9515594,
        576416337.2859025,
        348883572.56778306,
        446884576.0980591,
        305944055.9440559,
        351971037.8117457,
        139553429.02711323,
        323355506.2823355,
        393789378.93789375,
        491021324.35465765,
        342868338.5579937,
        323355506.2823355,
        631313131.3131313,
        491021324.35465765,
        301308539.9449035,
        323355506.2823355,
        446884576.0980591,
        339937839.9378399,
        544831880.4483187,
        378787878.7878788,
        405844155.84415585,
        331439393.9393939,
        323355506.2823355,
        348883572.56778306,
        337057010.7858243,
        337057010.7858243,
        254953379.95337996,
        326005961.2518628,
        393789378.93789375,
        397727272.7272726,
        491021324.35465765,
        337057010.7858243,
        274294670.84639496,
        129132231.40495867,
        328700225.39444023,
        389928698.7522281,
        355113636.3636363,
        358312858.3128583,
        328700225.39444023,
        131263126.31263126,
        364887406.1718098,
        337057010.7858243,
        184989429.17547566,
        328700225.39444023,
        331439393.9393939,
        427663734.11534697,
        355113636.3636363,
        315656565.65656567,
        303608605.1353227,
        313171080.8876163,
        301308539.9449035,
        389928698.7522281,
        251726121.97928652,
        189393939.3939394,
        355113636.3636363,
        355113636.3636363,
        326005961.2518628,
        361570247.9338843,
        358312858.3128583,
        530303030.3030302,
        364887406.1718098,
        342868338.5579937,
        516528925.61983466,
        157204455.62342793,
        334224598.93048126,
        318181818.1818181,
        313171080.8876163,
        451962809.9173553,
        358312858.3128583,
        173680031.75863436,
        348883572.56778306,
        164350112.69722012,
        361570247.9338843,
        393789378.93789375,
        437062937.0629371,
        220959595.95959595,
        345849802.37154144,
        576416337.2859025,
        348883572.56778306,
        451962809.9173553,
        227272727.27272725,
        414299242.4242424,
        386142983.2303618,
        200872359.96326905,
        315656565.65656567,
        334224598.93048126,
        568181818.1818181,
