{
    "model_name": "MACE Finetuned (gen6)",
    "model_key": "mace_finetuned",
    "properties_gpa": {
        "C11": 279.6839249725433,
        "C12": 169.3674677235105,
        "C44": 32.29393679889643
    },
    "density_kg_m3": 6110.0,
    "saw_frequencies_hz": [
        258264462.80991733,
        280089628.6811779,
        270562770.56277055,
        256598240.46920818,
        258264462.80991733,
        256598240.46920818,
        266931055.52165955,
        261662679.4258373,
        263395544.85249844,
        276199494.94949496,
        294612794.6127946,
        280089628.6811779,
        272415940.22415936,
        258264462.80991733,
        270562770.56277055,
        278130959.94914174,
        256598240.46920818,
        268734643.7346437,
        259952465.83481875,
        272415940.22415936,
        258264462.80991733,
        259952465.83481875,
        276199494.94949496,
        256598240.46920818,
        274294670.84639496,
        294612794.6127946,
        266931055.52165955,
        266931055.52165955,
        256598240.46920818,
        256598240.46920818,
        256598240.46920818,
        259952465.83481875,
        261662679.4258373,
        261662679.4258373,
        286134728.5807717,
        261662679.4258373,
        259952465.83481875,
        284090909.09090906,
        258264462.80991733,
        256598240.46920818,
        261662679.4258373,
        254953379.95337996,
        258264462.80991733,
        261662679.4258373,
        265151515.1515151,
        263395544.85249844,
        270562770.56277055,
        268734643.7346437,
        259952465.83481875,
        256598240.46920818,
        256598240.46920818,
        268734643.7346437,
        258264462.80991733,
        258264462.80991733,
        272415940.22415936,
        263395544.85249844,
        263395544.85249844,
        290311877.9031188,
        259952465.83481875,
        270562770.56277055,
        280089628.6811779,
        256598240.46920818,
        265151515.1515151,
        256598240.46920818,
        261662679.4258373,
        258264462.80991733,
        258264462.80991733,
        265151515.1515151,
        258264462.80991733,
        258264462.80991733,
        263395544.85249844,
        278130959.94914174,
        263395544.85249844,
        259952465.83481875,
        259952465.83481875,
        258264462.80991733,
        256598240.46920818,
        256598240.46920818,
        256598240.46920818,
        266931055.52165955,
        284090909.09090906,
        270562770.56277055,
        284090909.09090906,
        266931055.52165955,
        259952465.83481875,
        274294670.84639496,
        282076079.9484203,
        258264462.80991733,
        263395544.85249844,
        282076079.9484203,
        286134728.5807717,
        258264462.80991733,
        259952465.83481875,
        258264462.80991733,
        263395544.85249844,
        259952465.83481875,
        265151515.1515151,
        278130959.94914174,
        261662679.4258373,
        258264462.80991733,
        259952465.83481875,
        258264462.80991733,
        258264462.80991733,
        258264462.80991733,
        280089628.6811779,
        268734643.7346437,
        259952465.83481875,
        294612794.6127946,
        258264462.80991733,
        274294670.84639496,
        259952465.83481875,
        263395544.85249844,
        258264462.80991733,
        258264462.80991733,
        256598240.46920818,
        254953379.95337996,
        286134728.5807717,
        266931055.52165955,
        256598240.46920818,
        265151515.1515151,
        261662679.4258373,
        256598240.46920818,
        263395544.85249844,
        259952465.83481875,
        278130959.94914174,
        272415940.22415936,
        284090909.09090906,
        284090909.09090906,
        284090909.09090906,
        256598240.46920818,
        265151515.1515151,
        266931055.52165955,
        256598240.46920818,
        258264462.80991733,
        254953379.95337996,
        256598240.46920818,
        274294670.84639496,
        258264462.80991733,
        276199494.94949496,
        290311877.9031188,
        270562770.56277055,
        256598240.46920818,
        278130959.94914174,
        256598240.46920818,
        258264462.80991733,
        256598240.46920818,
        276199494.94949496,
        259952465.83481875,
        256598240.46920818,
        259952465.83481875,
        256598240.46920818,
        278130959.94914174,
        256598240.46920818,
        256598240.46920818,
        265151515.1515151,
        256598240.46920818,
        263395544.85249844,
        263395544.85249844,
        263395544.85249844,
        256598240.46920818,
        261662679.4258373,
        266931055.52165955,
        284090909.09090906,
        268734643.7346437,
        272415940.22415936,
        256598240.46920818,
        258264462.80991733,
        263395544.85249844,
        263395544.85249844,
        278130959.94914174,
        256598240.46920818,
        266931055.52165955,
        258264462.80991733,
        258264462.80991733,
        268734643.7346437,
        261662679.4258373,
        256598240.46920818,
        258264462.80991733,
        256598240.46920818,
        261662679.4258373,
        256598240.46920818,
        261662679.4258373,
        256598240.46920818,
        258264462.80991733,
        256598240.46920818,
        263395544.85249844,
        258264462.80991733,
        263395544.85249844,
        258264462.80991733,
        265151515.1515151,
        263395544.85249844,
        268734643.7346437,
        256598240.46920818,
        256598240.46920818,
        292446524.0641711,
        256598240.46920818,
        256598240.46920818,
        272415940.22415936,
        256598240.46920818,
        274294670.84639496,
        294612794.6127946,
        265151515.1515151,
        265151515.1515151,
        258264462.80991733,
        256598240.46920818,
        266931055.52165955,
        259952465.83481875,
        256598240.46920818,
        256598240.46920818,
        272415940.22415936,
        280089628.6811779,
        256598240.46920818,
        256598240.46920818,
        256598240.46920818,
        265151515.1515151,
        258264462.80991733,
        284090909.09090906,
        256598240.46920818,
        292446524.0641711,
        276199494.94949496,
        278130959.94914174,
        259952465.83481875,
        258264462.80991733,
        259952465.83481875,
        268734643.7346437,
        261662679.4258373,
        259952465.83481875,
        282076079.9484203,
        259952465.83481875,
        263395544.85249844,
        268734643.7346437,
        258264462.80991733,
        270562770.56277055,
        258264462.80991733,
        258264462.80991733,
        286134728.5807717,
        268734643.7346437,
        256598240.46920818,
        280089628.6811779,
        278130959.94914174,
        256598240.46920818,
        284090909.09090906,
        266931055.52165955,
        280089628.6811779,
        278130959.94914174,
        278130959.94914174,
        259952465.83481875,
        256598240.46920818,
        256598240.46920818,
        270562770.56277055,
        263395544.85249844,
        261662679.4258373,
        259952465.83481875,
        272415940.22415936,
        254953379.95337996,
        259952465.83481875,
        263395544.85249844,
        256598240.46920818,
        261662679.4258373,
        268734643.7346437,
        278130959.94914174,
        280089628.6811779,
        258264462.80991733,
        263395544.85249844,
        256598240.46920818,
        294612794.6127946,
        288208168.64295125,
        284090909.09090906,
        256598240.46920818,
        265151515.1515151,
        256598240.46920818,
        259952465.83481875,
        256598240.46920818,
        299043062.2009569,
        256598240.46920818,
        282076079.9484203,
        261662679.4258373,
        265151515.1515151,
