{
    "model_name": "Allegro From Scratch (gen 7)",
    "model_key": "allegro",
    "properties_gpa": {
        "C11": 249.9453089237055,
        "C12": 109.67299667937914,
        "C44": 62.88689044182104
    },
    "density_kg_m3": 6110.0,
    "saw_frequencies_hz": [
        345849802.37154144,
        351971037.8117457,
        348883572.56778306,
        345849802.37154144,
        345849802.37154144,
        342868338.5579937,
        348883572.56778306,
        345849802.37154144,
        345849802.37154144,
        348883572.56778306,
        351971037.8117457,
        351971037.8117457,
        348883572.56778306,
        345849802.37154144,
        348883572.56778306,
        351971037.8117457,
        345849802.37154144,
        348883572.56778306,
        345849802.37154144,
        348883572.56778306,
        345849802.37154144,
        348883572.56778306,
        351971037.8117457,
        342868338.5579937,
        348883572.56778306,
        351971037.8117457,
        348883572.56778306,
        348883572.56778306,
        345849802.37154144,
        345849802.37154144,
        345849802.37154144,
        345849802.37154144,
        345849802.37154144,
        345849802.37154144,
        351971037.8117457,
        345849802.37154144,
        345849802.37154144,
        351971037.8117457,
        345849802.37154144,
        345849802.37154144,
        348883572.56778306,
        342868338.5579937,
        345849802.37154144,
        345849802.37154144,
        345849802.37154144,
        345849802.37154144,
        348883572.56778306,
        345849802.37154144,
        345849802.37154144,
        345849802.37154144,
        342868338.5579937,
        348883572.56778306,
        345849802.37154144,
        345849802.37154144,
        348883572.56778306,
        351971037.8117457,
        345849802.37154144,
        351971037.8117457,
        345849802.37154144,
        348883572.56778306,
        348883572.56778306,
        345849802.37154144,
        348883572.56778306,
        345849802.37154144,
        345849802.37154144,
        345849802.37154144,
        345849802.37154144,
        345849802.37154144,
        345849802.37154144,
        345849802.37154144,
        345849802.37154144,
        348883572.56778306,
        348883572.56778306,
        345849802.37154144,
        345849802.37154144,
        345849802.37154144,
        345849802.37154144,
        345849802.37154144,
        345849802.37154144,
        348883572.56778306,
        351971037.8117457,
        348883572.56778306,
        351971037.8117457,
        345849802.37154144,
        345849802.37154144,
        348883572.56778306,
        351971037.8117457,
        345849802.37154144,
        345849802.37154144,
        351971037.8117457,
        351971037.8117457,
        345849802.37154144,
        348883572.56778306,
        345849802.37154144,
        348883572.56778306,
        345849802.37154144,
        345849802.37154144,
        351971037.8117457,
        345849802.37154144,
        345849802.37154144,
        345849802.37154144,
        345849802.37154144,
        345849802.37154144,
        345849802.37154144,
        351971037.8117457,
        348883572.56778306,
        345849802.37154144,
        351971037.8117457,
        345849802.37154144,
        351971037.8117457,
        345849802.37154144,
        345849802.37154144,
        345849802.37154144,
        345849802.37154144,
        345849802.37154144,
        342868338.5579937,
        351971037.8117457,
        345849802.37154144,
        345849802.37154144,
        348883572.56778306,
        345849802.37154144,
        342868338.5579937,
        351971037.8117457,
        345849802.37154144,
        348883572.56778306,
        348883572.56778306,
        351971037.8117457,
        351971037.8117457,
        351971037.8117457,
        345849802.37154144,
        345849802.37154144,
        348883572.56778306,
        345849802.37154144,
        348883572.56778306,
        342868338.5579937,
        345849802.37154144,
        348883572.56778306,
        345849802.37154144,
        348883572.56778306,
        351971037.8117457,
        348883572.56778306,
        345849802.37154144,
        351971037.8117457,
        345849802.37154144,
        345849802.37154144,
        345849802.37154144,
        348883572.56778306,
        345849802.37154144,
        345849802.37154144,
        348883572.56778306,
        342868338.5579937,
        348883572.56778306,
        342868338.5579937,
        342868338.5579937,
        345849802.37154144,
        345849802.37154144,
        345849802.37154144,
        348883572.56778306,
        345849802.37154144,
        345849802.37154144,
        345849802.37154144,
        348883572.56778306,
        351971037.8117457,
        348883572.56778306,
        348883572.56778306,
        342868338.5579937,
        345849802.37154144,
        345849802.37154144,
        345849802.37154144,
        348883572.56778306,
        342868338.5579937,
        345849802.37154144,
        345849802.37154144,
        345849802.37154144,
        348883572.56778306,
        345849802.37154144,
        345849802.37154144,
        345849802.37154144,
        345849802.37154144,
        351971037.8117457,
        345849802.37154144,
        345849802.37154144,
        345849802.37154144,
        345849802.37154144,
        345849802.37154144,
        348883572.56778306,
        345849802.37154144,
        345849802.37154144,
        345849802.37154144,
        348883572.56778306,
        345849802.37154144,
        348883572.56778306,
        342868338.5579937,
        345849802.37154144,
        355113636.3636363,
        345849802.37154144,
        342868338.5579937,
        348883572.56778306,
        345849802.37154144,
        348883572.56778306,
        355113636.3636363,
        345849802.37154144,
        345849802.37154144,
        345849802.37154144,
        345849802.37154144,
        345849802.37154144,
        345849802.37154144,
        345849802.37154144,
        342868338.5579937,
        348883572.56778306,
        351971037.8117457,
        345849802.37154144,
        342868338.5579937,
        342868338.5579937,
        345849802.37154144,
        345849802.37154144,
        351971037.8117457,
        345849802.37154144,
        355113636.3636363,
        348883572.56778306,
        351971037.8117457,
        345849802.37154144,
        345849802.37154144,
        345849802.37154144,
        345849802.37154144,
        345849802.37154144,
        345849802.37154144,
        351971037.8117457,
        345849802.37154144,
        345849802.37154144,
        348883572.56778306,
        345849802.37154144,
        348883572.56778306,
        345849802.37154144,
        345849802.37154144,
        351971037.8117457,
        348883572.56778306,
        345849802.37154144,
        351971037.8117457,
        351971037.8117457,
        345849802.37154144,
        351971037.8117457,
        345849802.37154144,
        348883572.56778306,
        351971037.8117457,
        348883572.56778306,
        345849802.37154144,
        342868338.5579937,
        345849802.37154144,
        348883572.56778306,
        351971037.8117457,
        345849802.37154144,
        348883572.56778306,
        351971037.8117457,
        342868338.5579937,
        345849802.37154144,
        348883572.56778306,
        342868338.5579937,
        345849802.37154144,
        348883572.56778306,
        351971037.8117457,
        351971037.8117457,
        345849802.37154144,
        345849802.37154144,
        345849802.37154144,
        351971037.8117457,
        351971037.8117457,
        351971037.8117457,
        345849802.37154144,
        345849802.37154144,
        345849802.37154144,
        345849802.37154144,
        345849802.37154144,
        348883572.56778306,
        345849802.37154144,
        351971037.8117457,
        345849802.37154144,
        348883572.56778306,
