{
    "model_name": "DFT (PBE)",
    "model_key": "dft",
    "properties_gpa": {
        "C11": 260.55030007948125,
        "C12": 141.00514179360056,
        "C44": 35.49874729131482
    },
    "density_kg_m3": 6110.0,
    "saw_frequencies_hz": [
        268734643.7346437,
        292446524.0641711,
        284090909.09090906,
        268734643.7346437,
        268734643.7346437,
        268734643.7346437,
        280089628.6811779,
        274294670.84639496,
        274294670.84639496,
        288208168.64295125,
        305944055.9440559,
        292446524.0641711,
        286134728.5807717,
        268734643.7346437,
        282076079.9484203,
        290311877.9031188,
        268734643.7346437,
        280089628.6811779,
        272415940.22415936,
        284090909.09090906,
        270562770.56277055,
        272415940.22415936,
        288208168.64295125,
        266931055.52165955,
        284090909.09090906,
        305944055.9440559,
        278130959.94914174,
        278130959.94914174,
        268734643.7346437,
        268734643.7346437,
        268734643.7346437,
        272415940.22415936,
        272415940.22415936,
        274294670.84639496,
        280089628.6811779,
        272415940.22415936,
        272415940.22415936,
        296811397.5576662,
        270562770.56277055,
        268734643.7346437,
        274294670.84639496,
        266931055.52165955,
        270562770.56277055,
        274294670.84639496,
        278130959.94914174,
        276199494.94949496,
        282076079.9484203,
        280089628.6811779,
        270562770.56277055,
        268734643.7346437,
        268734643.7346437,
        280089628.6811779,
        270562770.56277055,
        268734643.7346437,
        284090909.09090906,
        276199494.94949496,
        276199494.94949496,
        303608605.1353227,
        270562770.56277055,
        282076079.9484203,
        290311877.9031188,
        268734643.7346437,
        276199494.94949496,
        268734643.7346437,
        274294670.84639496,
        268734643.7346437,
        268734643.7346437,
        278130959.94914174,
        270562770.56277055,
        270562770.56277055,
        276199494.94949496,
        290311877.9031188,
        282076079.9484203,
        272415940.22415936,
        272415940.22415936,
        270562770.56277055,
        268734643.7346437,
        268734643.7346437,
        268734643.7346437,
        278130959.94914174,
        296811397.5576662,
        282076079.9484203,
        294612794.6127946,
        278130959.94914174,
        272415940.22415936,
        286134728.5807717,
        294612794.6127946,
        270562770.56277055,
        274294670.84639496,
        294612794.6127946,
        282076079.9484203,
        268734643.7346437,
        272415940.22415936,
        270562770.56277055,
        276199494.94949496,
        272415940.22415936,
        278130959.94914174,
        290311877.9031188,
        274294670.84639496,
        268734643.7346437,
        272415940.22415936,
        268734643.7346437,
        270562770.56277055,
        270562770.56277055,
        292446524.0641711,
        280089628.6811779,
        272415940.22415936,
        305944055.9440559,
        268734643.7346437,
        286134728.5807717,
        270562770.56277055,
        274294670.84639496,
        270562770.56277055,
        270562770.56277055,
        268734643.7346437,
        266931055.52165955,
        299043062.2009569,
        278130959.94914174,
        268734643.7346437,
        276199494.94949496,
        274294670.84639496,
        268734643.7346437,
        276199494.94949496,
        270562770.56277055,
        290311877.9031188,
        286134728.5807717,
        296811397.5576662,
        294612794.6127946,
        294612794.6127946,
        268734643.7346437,
        278130959.94914174,
        280089628.6811779,
        268734643.7346437,
        270562770.56277055,
        266931055.52165955,
        268734643.7346437,
        286134728.5807717,
        270562770.56277055,
        288208168.64295125,
        303608605.1353227,
        282076079.9484203,
        268734643.7346437,
        290311877.9031188,
        268734643.7346437,
        268734643.7346437,
        268734643.7346437,
        288208168.64295125,
        272415940.22415936,
        268734643.7346437,
        272415940.22415936,
        266931055.52165955,
        290311877.9031188,
        268734643.7346437,
        268734643.7346437,
        278130959.94914174,
        268734643.7346437,
        276199494.94949496,
        276199494.94949496,
        274294670.84639496,
        266931055.52165955,
        272415940.22415936,
        278130959.94914174,
        296811397.5576662,
        280089628.6811779,
        284090909.09090906,
        266931055.52165955,
        270562770.56277055,
        274294670.84639496,
        276199494.94949496,
        290311877.9031188,
        268734643.7346437,
        278130959.94914174,
        270562770.56277055,
        268734643.7346437,
        280089628.6811779,
        272415940.22415936,
        268734643.7346437,
        270562770.56277055,
        268734643.7346437,
        274294670.84639496,
        268734643.7346437,
        274294670.84639496,
        268734643.7346437,
        270562770.56277055,
        268734643.7346437,
        276199494.94949496,
        270562770.56277055,
        274294670.84639496,
        270562770.56277055,
        278130959.94914174,
        276199494.94949496,
        280089628.6811779,
        268734643.7346437,
        268734643.7346437,
        305944055.9440559,
        268734643.7346437,
        268734643.7346437,
        284090909.09090906,
        268734643.7346437,
        286134728.5807717,
        305944055.9440559,
        276199494.94949496,
        276199494.94949496,
        270562770.56277055,
        268734643.7346437,
        278130959.94914174,
        272415940.22415936,
        268734643.7346437,
        266931055.52165955,
        286134728.5807717,
        292446524.0641711,
        268734643.7346437,
        266931055.52165955,
        268734643.7346437,
        278130959.94914174,
        270562770.56277055,
        296811397.5576662,
        268734643.7346437,
        305944055.9440559,
        288208168.64295125,
        290311877.9031188,
        272415940.22415936,
        270562770.56277055,
        272415940.22415936,
        280089628.6811779,
        274294670.84639496,
        272415940.22415936,
        292446524.0641711,
        272415940.22415936,
        276199494.94949496,
        280089628.6811779,
        268734643.7346437,
        282076079.9484203,
        270562770.56277055,
        268734643.7346437,
        299043062.2009569,
        280089628.6811779,
        268734643.7346437,
        292446524.0641711,
        290311877.9031188,
        268734643.7346437,
        294612794.6127946,
        278130959.94914174,
        292446524.0641711,
        290311877.9031188,
        290311877.9031188,
        270562770.56277055,
        266931055.52165955,
        268734643.7346437,
        282076079.9484203,
        303608605.1353227,
        274294670.84639496,
        272415940.22415936,
        284090909.09090906,
        266931055.52165955,
        272415940.22415936,
        274294670.84639496,
        266931055.52165955,
        274294670.84639496,
        280089628.6811779,
        290311877.9031188,
        292446524.0641711,
        268734643.7346437,
        274294670.84639496,
        268734643.7346437,
        305944055.9440559,
        299043062.2009569,
        296811397.5576662,
        268734643.7346437,
        278130959.94914174,
        268734643.7346437,
        272415940.22415936,
        268734643.7346437,
        310724431.8181818,
        268734643.7346437,
        294612794.6127946,
        272415940.22415936,
        278130959.94914174,
        268734643.7346437,
        290311877.9031188,
        272415940.22415936,
        268734643.7346437,
