{
    "model_name": "MACE From Scratch (gen6)",
    "model_key": "mace_fromscratch_gen6",
    "properties_gpa": {
        "C11": 303.90824014011656,
        "C12": 168.36012947640373,
        "C44": 19.048097382398645
    },
    "density_kg_m3": 6110.0,
    "saw_frequencies_hz": [
        203962703.96270394,
        239594742.60679075,
        218531468.53146854,
        200872359.96326905,
        213831867.05767348,
        199862951.1192325,
        213831867.05767348,
        203962703.96270394,
        209330143.54066983,
        228578892.37199575,
        251726121.97928652,
        227272727.27272725,
        224704673.85721618,
        200872359.96326905,
        220959595.95959595,
        236742424.24242425,
        199862951.1192325,
        214987714.98771498,
        205014058.1068416,
        222194007.1102082,
        201892016.6128288,
        245510662.17732882,
        220959595.95959595,
        199862951.1192325,
        218531468.53146854,
        247035573.1225296,
        211557059.96131524,
        212688381.13757896,
        199862951.1192325,
        200872359.96326905,
        200872359.96326905,
        205014058.1068416,
        211557059.96131524,
        205014058.1068416,
        235341581.49542767,
        207149621.2121212,
        206076307.11257654,
        232589048.37852204,
        201892016.6128288,
        201892016.6128288,
        206076307.11257654,
        199862951.1192325,
        201892016.6128288,
        207149621.2121212,
        214987714.98771498,
        213831867.05767348,
        218531468.53146854,
        222194007.1102082,
        203962703.96270394,
        199862951.1192325,
        199862951.1192325,
        219738824.7112004,
        201892016.6128288,
        201892016.6128288,
        225981404.95867765,
        253329473.074696,
        212688381.13757896,
        242516629.71175164,
        203962703.96270394,
        218531468.53146854,
        233957219.2513369,
        200872359.96326905,
        209330143.54066983,
        200872359.96326905,
        205014058.1068416,
        201892016.6128288,
        202922077.92207792,
        208234174.20276055,
        326005961.2518628,
        203962703.96270394,
        210437710.4377104,
        232589048.37852204,
        213831867.05767348,
        206076307.11257654,
        203962703.96270394,
        202922077.92207792,
        199862951.1192325,
        199862951.1192325,
        199862951.1192325,
        217337307.50124192,
        247035573.1225296,
        218531468.53146854,
        245510662.17732882,
        216156126.48221344,
        207149621.2121212,
        224704673.85721618,
        242516629.71175164,
        200872359.96326905,
        207149621.2121212,
        233957219.2513369,
        232589048.37852204,
        203962703.96270394,
        201892016.6128288,
        203962703.96270394,
        206076307.11257654,
        203962703.96270394,
        213831867.05767348,
        231236786.46934462,
        211557059.96131524,
        200872359.96326905,
        211557059.96131524,
        200872359.96326905,
        202922077.92207792,
        239594742.60679075,
        222194007.1102082,
        216156126.48221344,
        206076307.11257654,
        253329473.074696,
        200872359.96326905,
        228578892.37199575,
        203962703.96270394,
        209330143.54066983,
        203962703.96270394,
        203962703.96270394,
        199862951.1192325,
        199862951.1192325,
        235341581.49542767,
        217337307.50124192,
        200872359.96326905,
        207149621.2121212,
        208234174.20276055,
        199862951.1192325,
        247035573.1225296,
        203962703.96270394,
        235341581.49542767,
        225981404.95867765,
        228578892.37199575,
        244004461.7958728,
        242516629.71175164,
        199862951.1192325,
        211557059.96131524,
        212688381.13757896,
        199862951.1192325,
        200872359.96326905,
        199862951.1192325,
        201892016.6128288,
        231236786.46934462,
        203962703.96270394,
        228578892.37199575,
        248579545.45454544,
        214987714.98771498,
        200872359.96326905,
        227272727.27272725,
        199862951.1192325,
        201892016.6128288,
        199862951.1192325,
        223442288.04902956,
        202922077.92207792,
        199862951.1192325,
        203962703.96270394,
        199862951.1192325,
        232589048.37852204,
        199862951.1192325,
        199862951.1192325,
        212688381.13757896,
        199862951.1192325,
        211557059.96131524,
        209330143.54066983,
        210437710.4377104,
        199862951.1192325,
        205014058.1068416,
        216156126.48221344,
        232589048.37852204,
        213831867.05767348,
        222194007.1102082,
        199862951.1192325,
        201892016.6128288,
        207149621.2121212,
        210437710.4377104,
        224704673.85721618,
        199862951.1192325,
        213831867.05767348,
        200872359.96326905,
        201892016.6128288,
        216156126.48221344,
        205014058.1068416,
        199862951.1192325,
        202922077.92207792,
        200872359.96326905,
        223442288.04902956,
        200872359.96326905,
        208234174.20276055,
        199862951.1192325,
        203962703.96270394,
        200872359.96326905,
        208234174.20276055,
        200872359.96326905,
        210437710.4377104,
        200872359.96326905,
        209330143.54066983,
        208234174.20276055,
        217337307.50124192,
        200872359.96326905,
        199862951.1192325,
        254953379.95337996,
        200872359.96326905,
        199862951.1192325,
        222194007.1102082,
        201892016.6128288,
        223442288.04902956,
        253329473.074696,
        214987714.98771498,
        210437710.4377104,
        202922077.92207792,
        201892016.6128288,
        213831867.05767348,
        203962703.96270394,
        200872359.96326905,
        199862951.1192325,
        220959595.95959595,
        235341581.49542767,
        200872359.96326905,
        199862951.1192325,
        199862951.1192325,
        213831867.05767348,
        200872359.96326905,
        236742424.24242425,
        200872359.96326905,
        254953379.95337996,
        227272727.27272725,
        253329473.074696,
        206076307.11257654,
        202922077.92207792,
        214987714.98771498,
        220959595.95959595,
        210437710.4377104,
        203962703.96270394,
        238160043.5492651,
        208234174.20276055,
        207149621.2121212,
        212688381.13757896,
        199862951.1192325,
        223442288.04902956,
        202922077.92207792,
        201892016.6128288,
        229900157.64582235,
        217337307.50124192,
        200872359.96326905,
        232589048.37852204,
        254953379.95337996,
        200872359.96326905,
        225981404.95867765,
        212688381.13757896,
        241046831.95592284,
        231236786.46934462,
        231236786.46934462,
        202922077.92207792,
        199862951.1192325,
        200872359.96326905,
        222194007.1102082,
        239594742.60679075,
        206076307.11257654,
        232589048.37852204,
        223442288.04902956,
        199862951.1192325,
        205014058.1068416,
        207149621.2121212,
        199862951.1192325,
        208234174.20276055,
        213831867.05767348,
        227272727.27272725,
        231236786.46934462,
        201892016.6128288,
        209330143.54066983,
        199862951.1192325,
        254953379.95337996,
        242516629.71175164,
        232589048.37852204,
        201892016.6128288,
        213831867.05767348,
        199862951.1192325,
        202922077.92207792,
        201892016.6128288,
        248579545.45454544,
        201892016.6128288,
        238160043.5492651,
        206076307.11257654,
        211557059.96131524,
        201892016.6128288,
